data/mikev/mike_05_20_20_200_200.jpg;0
data/mikev/mike_08_20_20_200_200.jpg;0
data/mikev/mike_11_20_20_200_200.jpg;0
data/mikev/mike_09_20_20_200_200.jpg;0
data/mikev/mike_07_20_20_200_200.jpg;0
data/mikev/mike_02_20_20_200_200.jpg;0
data/mikev/mike_03_20_20_200_200.jpg;0
data/mikev/mike_01_20_20_200_200.jpg;0
data/mikev/mike_04_20_20_200_200.jpg;0
data/mikev/mike_06_20_20_200_200.jpg;0
data/joep/joep_05_20_20_200_200.jpg;1
data/joep/joep_06_20_20_200_200.jpg;1
data/joep/joep_04_20_20_200_200.jpg;1
data/joep/joep_01_20_20_200_200.jpg;1
data/joep/joep_02_20_20_200_200.jpg;1
data/joep/joep_09_20_20_200_200.jpg;1
data/joep/joep_07_20_20_200_200.jpg;1
data/joep/joep_03_20_20_200_200.jpg;1
data/joep/joep_08_20_20_200_200.jpg;1
data/will/will_01_20_20_200_200.jpg;2
data/will/will_02_20_20_200_200.jpg;2
data/will/will_03_20_20_200_200.jpg;2
data/will/will_04_20_20_200_200.jpg;2
data/will/will_05_20_20_200_200.jpg;2
data/will/will_06_20_20_200_200.jpg;2
data/will/will_07_20_20_200_200.jpg;2
